,id,truth_scaled,prediction0,logstd0,avg_prediction_scaled,prediction,truth
0,27,8.0,1.2388914,10.059802,1.2388914,1.2388914,8.0
1,15,4.0,1.1351738,7.5600367,1.1351738,1.1351738,4.0
2,23,26.0,1.1092231,9.561702,1.1092231,1.1092231,26.0
3,17,6.0,1.3616045,14.400529,1.3616045,1.3616045,6.0
